サービス,GPU,課金,初心者,LLM向き,代表単価_円毎時,常時月額の目安_円,API例_月10万req_5秒_円,価格の位置・注意,補足
RunPod Serverless,○,従量（秒）,◎,★★★★★,"4090:約165 / L40S:約263 / A100:約408 / H100:約683",4090換算:約118800,4090:約22500,閑散に最強。忙しいと単価高め。暇な時間はほぼ0円,1USD=150円換算。Serverlessは常時換算すると不利
RunPod Pod,○,時間,◎,★★★★★,"4090:約60〜104 / L40S:約149〜263 / A100:約209〜408 / H100:約434〜683",4090:約43200〜75000,常時なら満額（約43200〜75000）,常時ならServerlessより安いことが多い。付けっぱなし向き,Podはプラン差あり（追加放題目安とSecure Cloud公開価格）
さくら DOK,○,従量（秒）,○,★★★★☆,"V100:57.6 / H100:1008 / H100×8:2988",V100:約41500 / H100:約725800,V100:約8000 / H100:約140000,V100が最安帯・国内向き。法人説明しやすい,V100は2027/3/31終了予定。税込目安
Vast.ai,○,市場（時間）,○,★★★★★,"4090:約42〜60（$0.28〜0.40） / 他GPUは変動大",4090:約30000〜43000,4090:約6000〜8000,最安候補だがホスト品質・中断リスク大。商用は慎重,市場価格のためその都度要確認
AWS EC2,○,時間,△,★★★★☆,"g5.xlarge東京:約219（A10G） / A100換算:約450〜600 / H100換算:約1000〜1500",g5:約105000 / A100換算:約32〜43万 / H100換算:約72〜108万,g5:約30400,高い・複雑。法人基盤・ガバナンス向き,4090非提供。A100/H100は多枚構成が多い（1枚換算は目安）
OCI,○〜△,時間,○,★★★☆☆,"A10:約191〜300 / L40S:約525 / A100:約600 / H100:約1500",A10:約14〜22万 / A100:約43万 / H100:約108万,A10:約27000〜42000 / A100:約83400,A10は手頃。A100/H100は在庫・申請が壁になりやすい,リージョン・在庫により変動
さくら VPS,×,月額,◎,★★☆☆☆,GPUなし（CPUのみ）,約1000〜数万円（プラン次第）,GPU推論不可,アプリ用CPU。推論は別GPUサービスへ分離,LLM本体置き場には不向き
,,,,,,,,,
前提メモ,,,,,,,,
為替,1USD=150円,,,,,,,
常時の定義,24時間×30日換算,,,,,,,
API例の定義,月10万リクエスト×1回5秒≒139GPU時間（コールドスタート等不含）,,,,,,,
価格時点,2026年時点の公開目安（変動あり）,,,,,,,
推奨_検証少量,RunPod Serverless RTX4090,,,,,,,
推奨_国内安価定常,さくら DOK V100（終了日注意）,,,,,,,
推奨_常時,RunPod Pod,,,,,,,
推奨_アプリ本体,さくら VPS（CPU）+ 推論はGPU別,,,,,,,
